;teacher_id;org_id;protocols;protocols_base;protocols_complicated;protocols_targeted;curators;teachers;prot_templates;pupils_mean;satisfaction;wish_to_change;interval_mean;interval_std;scope_m;pupils_m;pupils_d_mean;interactions_m;interactions_d_mean;attention_m;attention_d_mean;vector_interact_m;vector_intention_m;vector_attention_m;scope_m_diff;pupils_m_diff;pupils_d_mean_diff;interactions_m_diff;interactions_d_mean_diff;attention_m_diff;attention_d_diff;vector_interact_m_diff;vector_intention_m_diff;vector_attention_m_diff
0;472;71.0;3;1;1;1;1;1;3;9.67;;;8.0;2.0;1.0;0.4;0.37;;;0.4;0.37;;0.0;;;;;;;;;;;
1;473;71.0;14;4;6;4;1;1;13;10.07;3.75;2.25;9.0;5.0;0.96;0.47;0.4;0.49;0.39;0.52;0.4;-0.04;-0.02;-0.01;-0.04999999999999993;-0.010000000000000009;-0.019999999999999962;-0.030000000000000027;-0.010000000000000009;0.12;-0.02999999999999997;-0.09;-0.019999999999999997;
2;474;71.0;17;5;7;5;1;1;15;10.71;4.0;2.25;10.0;7.0;0.93;0.51;0.38;0.62;0.36;0.53;0.38;-0.12;-0.02;-0.09;0.0;0.030000000000000027;0.010000000000000009;0.050000000000000044;-0.03999999999999998;0.030000000000000027;0.020000000000000018;-0.020000000000000004;0.0;
3;477;72.0;8;3;5;0;1;1;7;5.38;;;15.0;15.0;0.87;0.45;0.38;0.52;0.37;0.47;0.39;-0.11;-0.06;0.04;-0.17000000000000004;-0.06;-0.06999999999999995;-0.14999999999999997;-0.04999999999999999;0.08000000000000002;-0.09000000000000002;0.16;-0.08;0.08
4;478;72.0;12;4;5;3;1;1;11;5.83;;;9.0;4.0;0.87;0.47;0.36;0.53;0.44;0.54;0.34;-0.14;-0.06;-0.0;-0.16000000000000003;0.16000000000000003;-0.040000000000000036;-0.14999999999999997;0.08000000000000002;0.26;-0.06;0.19999999999999998;-0.09;0.15000000000000002
5;481;73.0;12;5;5;2;1;1;11;8.17;;;16.0;8.0;1.0;0.47;0.37;0.53;0.39;0.47;0.37;-0.05;0.0;-0.01;0.0;-0.009999999999999953;-0.010000000000000009;-0.18;0.0;-0.009999999999999953;-0.010000000000000009;0.16999999999999998;0.0;0.19
6;482;73.0;11;4;6;1;1;1;10;6.82;;;17.0;9.0;1.0;0.5;0.38;0.45;0.35;0.53;0.38;0.04;0.0;0.09;0.0;0.18;-0.010000000000000009;0.0;0.08000000000000002;0.15999999999999998;-0.020000000000000018;0.18;0.0;0.16999999999999998
7;485;69.0;16;5;7;4;1;1;15;5.31;2.75;3.0;10.0;9.0;1.0;0.55;0.4;0.53;0.37;0.56;0.39;-0.01;0.0;-0.0;0.0;-0.06999999999999995;0.03999999999999998;-0.010000000000000009;0.08999999999999997;-0.06999999999999995;0.03999999999999998;-0.02;0.0;
8;486;69.0;16;5;7;4;1;1;15;4.44;3.25;2.5;10.0;10.0;1.0;0.46;0.31;0.49;0.33;0.44;0.29;-0.01;0.0;-0.03;0.0;0.08999999999999997;0.04999999999999999;0.10000000000000003;0.15999999999999998;0.07;0.019999999999999962;0.04;0.0;
9;489;74.0;14;10;1;3;1;1;10;14.0;4.0;1.6;11.0;10.0;0.79;0.44;0.35;0.62;0.35;0.49;0.35;-0.27;-0.05;-0.04;-0.010000000000000009;0.12;0.02999999999999997;;;0.10000000000000003;0.03999999999999998;;0.019999999999999997;
10;490;74.0;14;10;2;2;1;1;11;14.79;4.0;1.17;10.0;6.0;0.65;0.52;0.38;0.62;0.41;0.56;0.38;-0.11;-0.04;-0.04;0.06000000000000005;0.09999999999999998;0.040000000000000036;-0.15999999999999992;0.009999999999999953;0.019999999999999907;0.030000000000000027;0.31;0.08;0.11
11;493;70.0;18;8;8;2;1;1;11;2.0;3.0;2.71;10.0;6.0;1.0;0.5;0.5;0.5;0.49;0.5;0.5;-0.0;0.0;-0.01;0.0;0.0;0.0;-0.07000000000000006;0.010000000000000009;0.0;0.0;0.07;0.0;0.06
12;494;70.0;17;8;6;3;1;1;12;1.59;3.0;2.43;11.0;7.0;1.0;0.5;0.06;0.67;0.05;0.56;0.06;-0.02;0.0;-0.02;0.0;-0.9;0.1;-0.83;0.12;-0.88;0.12;-0.04;0.0;-0.08
13;497;75.0;8;3;3;2;1;1;8;5.0;;;14.0;10.0;0.93;0.41;0.34;;;0.49;0.35;;-0.08;;;;;;;;;;;
14;498;75.0;13;5;6;2;2;1;11;3.0;3.4;3.0;14.0;10.0;1.0;0.6;0.33;0.61;0.41;0.6;0.33;-0.08;0.0;-0.08;0.0;0.09999999999999998;-0.18;-0.06000000000000005;0.0;0.09999999999999998;-0.18;0.01999999999999999;0.0;0.01999999999999999
15;501;76.0;16;3;7;6;1;1;14;6.75;3.0;2.5;12.0;9.0;1.0;0.43;0.32;0.5;0.32;0.43;0.32;-0.07;0.0;-0.09;0.0;0.0;0.010000000000000009;;;0.0;0.010000000000000009;;0.0;
16;502;76.0;17;3;8;6;1;1;15;6.76;3.0;2.5;11.0;8.0;1.0;0.43;0.42;0.55;0.39;0.43;0.42;-0.12;0.0;-0.19;0.0;0.010000000000000009;0.0;;;0.010000000000000009;0.0;;0.0;
17;505;77.0;9;5;4;0;1;1;7;10.0;3.0;2.5;20.0;17.0;0.78;0.46;0.35;0.52;0.39;0.47;0.36;-0.08;-0.02;0.02;0.05999999999999994;0.08000000000000002;0.019999999999999962;0.26999999999999996;-0.040000000000000036;0.04999999999999999;0.030000000000000027;-0.18000000000000002;0.03;
18;506;77.0;8;5;3;0;1;1;7;9.5;3.0;1.5;23.0;17.0;0.86;0.58;0.28;0.59;0.29;0.62;0.27;-0.09;0.0;-0.03;0.010000000000000009;0.12;0.019999999999999962;0.12;0.19;0.25;-0.03999999999999998;-0.12;0.0;
19;510;68.0;3;2;1;0;1;1;3;21.0;;;35.0;20.0;0.96;0.28;0.29;0.31;0.28;0.3;0.29;-0.03;-0.01;-0.02;;;;;;;;;;
20;512;68.0;7;4;2;1;1;1;5;21.86;;;24.0;30.0;0.92;0.28;0.29;0.34;0.29;0.31;0.29;-0.07;-0.03;-0.07;0.039999999999999925;;;;;;;;;
21;514;68.0;5;2;3;0;1;1;4;19.2;;;10.0;6.0;0.81;0.48;0.37;0.59;0.37;0.38;0.36;-0.11;0.02;-0.06;;;;;;;;;;
22;515;68.0;5;2;3;0;1;1;4;18.8;;;10.0;5.0;0.9;0.48;0.37;0.66;0.36;0.49;0.36;-0.17;-0.02;-0.13;;;;;;;;;;
23;517;68.0;10;4;4;2;1;1;7;25.3;3.38;2.88;6.0;4.0;1.0;0.37;0.38;0.38;0.38;0.36;0.38;0.02;0.01;-0.0;0.0;0.15000000000000002;0.010000000000000009;0.18;0.0;0.16999999999999998;0.010000000000000009;-0.04;-0.02;-0.01
24;518;68.0;8;3;3;2;1;1;7;23.75;3.6;2.0;7.0;0.0;1.0;0.53;0.34;0.55;0.37;0.53;0.34;-0.04;-0.0;-0.04;0.0;-0.12000000000000005;-0.03999999999999998;;;-0.12000000000000005;-0.03999999999999998;;0.0;
25;520;68.0;10;3;6;1;1;1;7;18.8;;;20.0;37.0;0.86;0.56;0.36;0.6;0.34;0.55;0.38;-0.03;-0.03;0.05;0.18999999999999995;0.10999999999999999;-0.010000000000000009;0.12;-0.009999999999999953;0.10999999999999999;-0.07;0.0;0.05;-0.03
26;521;68.0;9;2;4;3;1;1;6;18.56;;;23.0;39.0;0.82;0.55;0.36;0.59;0.35;0.56;0.36;-0.05;-0.04;0.0;0.27;0.07999999999999996;-0.020000000000000018;0.050000000000000044;-0.04999999999999999;0.04999999999999993;-0.08000000000000002;0.04000000000000001;0.08;0.01
27;526;81.0;4;0;0;4;1;1;4;9.5;;;4.0;3.0;1.0;0.31;0.31;;;0.31;0.31;;0.0;;;;;;;;;;;
28;527;81.0;5;1;0;4;2;1;4;8.0;4.0;3.0;24.0;15.0;0.97;0.46;0.28;0.46;0.28;0.48;0.28;0.01;-0.01;0.02;0.040000000000000036;-0.02999999999999997;0.0;;;-0.04999999999999999;0.0;;0.02;
29;528;81.0;3;0;0;3;1;1;3;8.0;;;40.0;9.0;0.81;0.35;0.34;0.31;0.35;0.44;0.32;0.0;-0.06;;;;;;;;;;;
30;529;81.0;7;0;0;7;1;1;5;6.71;3.0;3.0;31.0;12.0;1.0;0.39;0.27;0.38;0.25;0.38;0.27;-0.02;0.0;-0.07;0.0;0.19;0.06;0.15999999999999998;0.05999999999999997;0.21000000000000002;0.04999999999999999;0.03;0.0;
31;533;79.0;17;6;6;5;1;1;11;8.76;3.6;2.4;10.0;6.0;0.91;0.53;0.38;0.64;0.32;0.58;0.36;-0.07;-0.05;-0.04;-0.06999999999999995;-0.05999999999999994;0.04999999999999999;-0.06000000000000005;0.04999999999999999;-0.050000000000000044;0.02999999999999997;0.020000000000000004;-0.010000000000000002;-0.019999999999999997
32;534;79.0;12;4;4;4;1;1;11;11.75;;;10.0;6.0;0.87;0.45;0.37;;;0.51;0.36;;-0.06;;;;;;;;;;;
33;535;79.0;13;4;4;5;1;1;10;9.54;4.0;1.33;13.0;9.0;0.96;0.3;0.31;0.39;0.3;0.3;0.3;-0.07;0.0;-0.13;-0.06000000000000005;-0.03999999999999998;-0.050000000000000044;;;-0.04999999999999999;-0.050000000000000044;;0.0;
34;536;79.0;9;2;4;3;1;1;6;10.44;3.5;2.5;14.0;7.0;0.93;0.2;0.22;0.26;0.26;0.23;0.21;-0.05;-0.02;-0.02;0.10999999999999999;-0.01999999999999999;-0.12000000000000002;;;-0.08000000000000002;-0.12000000000000002;;0.04;
35;539;82.0;19;8;5;6;1;1;14;9.84;3.83;1.5;10.0;6.0;0.73;0.42;0.35;0.65;0.35;0.52;0.33;-0.22;-0.1;-0.12;-0.050000000000000044;0.15999999999999998;0.06;0.050000000000000044;0.07;0.10999999999999999;0.08000000000000002;0.18999999999999997;0.05;0.14
36;540;82.0;18;8;5;5;1;1;14;10.06;4.0;1.17;11.0;7.0;0.81;0.5;0.35;0.62;0.35;0.55;0.35;-0.06;-0.04;-0.02;-0.15000000000000002;-0.14000000000000007;0.02999999999999997;0.040000000000000036;0.030000000000000027;-0.06999999999999995;0.03999999999999998;-0.039999999999999994;-0.11;0.01
37;544;80.0;8;1;3;4;1;1;7;10.62;3.33;3.0;21.0;15.0;0.85;0.43;0.32;0.5;0.23;0.48;0.26;-0.04;-0.03;-0.02;0.17999999999999994;0.010000000000000009;0.06;0.09999999999999998;0.14;-0.14999999999999997;0.19000000000000003;0.05;0.010000000000000002;
38;545;80.0;8;1;3;4;1;1;7;11.5;3.33;2.67;21.0;15.0;0.88;0.34;0.31;0.31;0.34;0.38;0.28;-0.05;-0.02;-0.07;-0.10000000000000009;0.22;-0.08999999999999997;0.07;0.03999999999999998;0.24999999999999997;-0.15;0.07;0.0;
39;546;80.0;10;3;5;2;1;1;7;12.7;2.8;2.8;13.0;6.0;0.79;0.34;0.35;0.46;0.34;0.38;0.34;-0.1;-0.04;-0.05;-0.050000000000000044;0.22999999999999998;0.14;0.33999999999999997;0.10000000000000003;0.33999999999999997;0.10999999999999999;-0.13;-0.11;-0.009999999999999995
40;547;80.0;11;3;5;3;1;1;7;9.82;2.67;2.5;11.0;8.0;1.0;0.58;0.4;0.59;0.4;0.58;0.4;-0.02;0.0;-0.02;0.0;-0.10999999999999999;0.009999999999999953;-0.13;0.019999999999999962;-0.10999999999999999;0.009999999999999953;0.03;0.0;0.03
41;548;80.0;2;1;1;0;1;1;2;19.0;;;28.0;;0.97;0.63;0.39;0.59;0.41;0.67;0.37;0.04;-0.04;0.08;;;;;;;;;;
42;549;80.0;2;1;1;0;1;1;2;10.0;;;25.0;;1.0;0.6;0.44;0.56;0.44;0.6;0.44;0.04;0.0;0.04;;;;;;;;;;
43;550;80.0;2;1;1;0;1;1;2;9.0;;;18.0;;1.0;0.83;0.33;0.87;0.28;0.83;0.33;-0.04;0.0;-0.04;;;;;;;;;;
44;551;80.0;2;1;1;0;1;1;2;8.0;;;18.0;;1.0;0.88;0.22;0.92;0.18;0.88;0.22;-0.05;0.0;-0.05;;;;;;;;;;
45;555;78.0;12;3;6;3;1;1;11;6.25;3.83;2.0;16.0;16.0;0.92;0.41;0.33;0.5;0.35;0.43;0.31;-0.09;-0.04;-0.04;0.12;-0.010000000000000009;-0.04999999999999999;0.010000000000000009;0.04999999999999999;-0.12;-0.11000000000000001;0.1;0.05;
46;556;78.0;12;4;5;3;1;1;11;6.25;3.5;2.67;11.0;6.0;1.0;0.5;0.35;0.53;0.36;0.52;0.33;0.0;0.0;-0.03;0.0;-0.18;0.11000000000000004;-0.26;0.07;-0.20999999999999996;0.12;0.06;0.0;
47;557;78.0;10;3;4;3;1;1;10;5.3;;;9.0;4.0;1.0;0.54;0.35;0.63;0.35;0.51;0.35;-0.04;0.0;-0.03;;;;;;;;;;
48;558;78.0;12;3;6;3;1;1;11;5.83;3.67;2.17;16.0;17.0;0.89;0.37;0.31;0.28;0.27;0.42;0.3;-0.04;-0.04;0.05;0.17000000000000004;0.14;0.040000000000000036;0.16;0.07;0.19000000000000006;0.06999999999999995;0.010000000000000002;0.05;
49;561;83.0;11;2;3;6;1;1;8;6.09;3.0;2.0;17.0;10.0;1.0;0.49;0.39;0.62;0.4;0.48;0.38;-0.12;0.0;-0.11;0.0;0.03999999999999998;0.06999999999999995;0.030000000000000027;0.0;0.03999999999999998;0.06999999999999995;-0.030000000000000013;0.0;
50;562;83.0;7;1;2;4;1;1;6;7.86;;;16.0;11.0;1.0;0.36;0.41;0.48;0.44;0.36;0.4;-0.1;0.0;;;;;;;;;;;
51;565;84.0;22;5;11;6;1;1;17;4.05;3.33;1.67;7.0;7.0;0.98;0.54;0.44;0.54;0.41;0.53;0.45;-0.0;0.01;-0.0;-0.020000000000000018;0.010000000000000009;0.020000000000000018;;;0.0;0.020000000000000018;;0.01;
52;566;84.0;22;5;11;6;1;1;17;7.18;2.83;2.5;7.0;8.0;0.99;0.47;0.36;0.56;0.35;0.47;0.36;-0.05;0.0;-0.05;-0.010000000000000009;-0.03999999999999998;0.02999999999999997;;;-0.03999999999999998;0.02999999999999997;;0.0;
53;569;85.0;16;7;5;4;1;1;15;8.31;3.57;2.29;11.0;10.0;0.87;0.54;0.4;0.71;0.37;0.59;0.4;-0.15;-0.04;-0.08;-0.10999999999999999;-0.08999999999999997;0.06;0.030000000000000027;0.040000000000000036;-0.040000000000000036;0.07;-0.21999999999999997;-0.039999999999999994;
54;570;85.0;16;7;5;4;1;1;15;9.69;3.29;2.71;12.0;11.0;0.8;0.62;0.39;0.79;0.31;0.66;0.34;-0.1;-0.04;-0.1;0.029999999999999916;-0.06000000000000005;0.07;-0.15000000000000002;0.18;-0.18999999999999995;0.13999999999999996;0.1;0.12000000000000001;
55;573;88.0;13;5;4;4;1;1;9;5.23;4.0;2.5;15.0;10.0;0.96;0.5;0.34;0.47;0.39;0.5;0.34;-0.04;-0.01;-0.04;-0.07999999999999996;0.13999999999999996;-0.09000000000000002;;;0.14999999999999997;-0.08000000000000002;;-0.01;
56;574;88.0;6;2;2;2;1;1;6;6.0;;;17.0;15.0;0.87;0.51;0.35;;;0.53;0.34;;-0.02;;;;;;;;;;;
57;576;88.0;8;3;2;3;1;1;7;4.5;3.25;1.75;24.0;22.0;0.91;0.3;0.24;0.37;0.22;0.33;0.23;-0.04;-0.03;0.01;0.12;-0.12;0.0;;;-0.15999999999999998;0.01999999999999999;;0.04;
58;577;88.0;8;3;2;3;1;1;7;4.62;3.25;3.0;24.0;21.0;1.0;0.45;0.31;0.69;0.34;0.45;0.31;-0.11;0.0;-0.11;0.0;-0.31;-0.09000000000000002;;;-0.31;-0.09000000000000002;;0.0;
59;580;87.0;17;8;5;4;1;1;11;8.94;2.71;3.14;11.0;5.0;0.9;0.36;0.31;0.3;0.28;0.37;0.3;-0.05;-0.01;-0.03;0.14;0.25;0.10000000000000003;0.21000000000000002;0.15000000000000002;0.23;0.08000000000000002;0.030000000000000002;0.01;0.009999999999999998
60;581;87.0;17;8;4;5;1;1;10;9.0;3.43;3.14;11.0;5.0;0.84;0.31;0.32;0.32;0.28;0.34;0.32;-0.05;-0.03;-0.03;-0.06999999999999995;0.15;0.10999999999999999;0.24;0.14;0.15000000000000002;0.10999999999999999;-0.009999999999999995;0.009999999999999998;-0.039999999999999994
61;585;92.0;12;5;4;3;1;1;9;8.5;3.75;2.5;16.0;13.0;0.9;0.58;0.37;0.6;0.38;0.57;0.36;-0.03;0.01;-0.03;-0.010000000000000009;0.030000000000000027;-0.010000000000000009;;;0.0;-0.010000000000000009;;0.02;
62;586;92.0;14;5;5;4;1;1;10;9.14;3.5;1.75;13.0;10.0;1.0;0.53;0.39;0.56;0.39;0.53;0.39;0.0;0.0;0.0;0.0;-0.040000000000000036;0.0;;;-0.040000000000000036;0.0;;0.0;
63;589;86.0;9;4;3;2;1;1;8;12.89;3.75;1.5;22.0;20.0;0.89;0.53;0.39;0.58;0.37;0.58;0.38;-0.02;-0.05;-0.03;0.13;0.05999999999999994;0.010000000000000009;;;0.010000000000000009;0.030000000000000027;;0.05;
64;590;86.0;10;4;5;1;1;1;7;11.7;3.8;1.2;19.0;16.0;0.85;0.49;0.38;0.64;0.35;0.53;0.38;-0.11;-0.04;-0.1;0.1499999999999999;0.010000000000000009;0.020000000000000018;;;0.010000000000000009;0.010000000000000009;;0.0;
65;592;86.0;8;3;4;1;1;1;8;11.25;3.75;1.75;19.0;10.0;0.96;0.47;0.35;0.51;0.34;0.48;0.35;-0.06;-0.01;-0.04;0.06000000000000005;-0.08000000000000002;-0.06;-0.30999999999999994;-0.13;-0.10000000000000003;-0.06;0.14;0.02;0.13
66;593;86.0;9;4;3;2;1;1;8;11.22;4.0;1.5;20.0;11.0;0.96;0.46;0.34;0.6;0.37;0.47;0.34;-0.1;-0.01;-0.1;0.06999999999999995;-0.09999999999999998;-0.04999999999999999;;;-0.12;-0.04999999999999999;;0.02;
67;596;93.0;17;5;7;5;1;1;15;8.59;3.17;1.83;10.0;5.0;0.98;0.43;0.37;0.35;0.41;0.43;0.37;-0.05;0.0;-0.05;0.050000000000000044;0.16999999999999998;-0.040000000000000036;;;0.16999999999999998;-0.040000000000000036;;0.0;
68;597;93.0;17;6;6;5;1;1;15;6.88;2.67;2.5;9.0;5.0;0.98;0.4;0.43;0.51;0.42;0.41;0.43;-0.08;-0.01;-0.08;-0.030000000000000027;-0.08000000000000002;0.030000000000000027;;;-0.06;0.030000000000000027;;-0.02;
69;600;94.0;18;4;6;8;1;1;15;9.89;3.56;2.22;12.0;12.0;1.0;0.41;0.35;0.35;0.35;0.42;0.35;0.04;0.0;0.05;0.0;0.09999999999999998;0.009999999999999953;0.019999999999999962;-0.03999999999999998;0.12;0.019999999999999962;-0.04;0.0;
70;601;94.0;19;5;7;7;1;1;16;10.32;4.0;1.78;11.0;11.0;1.0;0.57;0.42;0.51;0.41;0.57;0.42;0.07;0.0;0.08;0.0;-0.010000000000000009;-0.010000000000000009;0.13;0.0;-0.029999999999999916;-0.010000000000000009;-0.09;0.0;
71;602;94.0;8;2;1;5;1;1;5;8.38;;;14.0;13.0;1.0;0.59;0.35;0.61;0.34;0.59;0.35;0.0;0.0;0.0;;;;;;;;;;
72;603;94.0;16;2;5;9;1;1;11;2.56;4.0;2.17;12.0;10.0;1.0;0.23;0.26;0.27;0.29;0.23;0.26;-0.02;0.0;-0.02;0.0;0.10999999999999999;0.18;0.02999999999999997;0.21999999999999997;0.10999999999999999;0.18;0.04;0.0;0.04
73;606;95.0;19;7;5;7;1;1;18;3.63;3.11;2.67;7.0;3.0;1.0;0.52;0.4;0.57;0.39;0.52;0.4;-0.07;0.0;-0.05;0.0;0.040000000000000036;-0.009999999999999953;0.010000000000000009;0.0;0.06000000000000005;-0.019999999999999962;-0.009999999999999995;0.0;0.07
74;607;95.0;19;7;5;7;1;1;17;3.68;3.38;2.5;8.0;3.0;1.0;0.65;0.38;0.68;0.35;0.65;0.38;0.0;0.0;0.03;0.0;-0.08999999999999997;0.06;-0.029999999999999916;0.08000000000000002;-0.09999999999999998;0.06;-0.08;0.0;-0.04
75;608;89.0;5;2;2;1;2;1;5;3.6;4.0;2.0;12.0;16.0;1.0;0.68;0.28;0.74;0.25;0.65;0.3;0.01;0.0;0.0;;;;;;;;;;
76;610;89.0;8;1;5;2;2;1;6;2.88;;;15.0;10.0;1.0;0.64;0.19;0.63;0.12;0.64;0.19;-0.01;0.0;-0.01;0.0;0.020000000000000018;0.1;;;0.020000000000000018;0.1;;0.0;
77;611;89.0;13;4;6;3;2;1;12;7.54;3.0;1.5;15.0;9.0;1.0;0.57;0.39;0.6;0.38;0.57;0.39;-0.09;0.0;-0.08;0.0;0.07999999999999996;0.06;;;0.07999999999999996;0.04999999999999999;;0.0;
78;613;89.0;7;3;1;3;1;1;7;5.43;;;15.0;8.0;1.0;0.47;0.4;;;0.47;0.4;;0.0;;;;;;;;;;;
79;614;89.0;5;2;1;2;1;1;5;4.8;;;23.0;27.0;1.0;0.35;0.32;;;0.35;0.32;;0.0;;;;;;;;;;;
80;617;104.0;10;0;5;5;2;1;9;4.7;4.0;1.2;16.0;14.0;1.0;0.6;0.33;0.65;0.31;0.6;0.33;-0.01;0.0;-0.01;0.0;-0.10999999999999999;0.03999999999999998;-0.18999999999999995;0.12;-0.10999999999999999;0.03999999999999998;0.12000000000000001;0.0;0.12000000000000001
81;618;104.0;8;1;5;2;2;1;8;5.0;3.8;1.6;20.0;16.0;0.97;0.48;0.32;0.47;0.3;0.51;0.29;-0.04;-0.03;-0.04;0.050000000000000044;0.08000000000000002;0.020000000000000018;-0.15000000000000002;0.10999999999999999;0.040000000000000036;0.04999999999999999;0.22999999999999998;0.04;0.22999999999999998
82;620;104.0;10;2;5;3;1;1;9;5.2;3.83;2.17;16.0;9.0;1.0;0.46;0.33;0.55;0.34;0.46;0.33;-0.1;0.0;-0.1;0.0;0.019999999999999962;0.0;0.07999999999999996;-0.030000000000000027;0.019999999999999962;0.0;-0.020000000000000004;0.0;-0.020000000000000004
83;621;104.0;9;3;3;3;1;1;9;2.89;3.17;2.17;17.0;11.0;1.0;0.49;0.19;0.42;0.12;0.49;0.19;0.0;0.0;0.0;0.0;0.020000000000000018;0.26999999999999996;;;0.020000000000000018;0.26999999999999996;;0.0;
84;624;96.0;12;4;2;6;1;1;10;4.92;3.33;2.0;15.0;12.0;0.92;0.55;0.35;0.63;0.35;0.53;0.33;-0.18;0.02;-0.14;-0.18999999999999995;-0.010000000000000009;0.009999999999999953;0.18000000000000005;-0.019999999999999962;-0.050000000000000044;-0.020000000000000018;-0.10999999999999999;0.06;
85;625;96.0;11;4;3;4;1;1;9;5.91;3.33;1.33;18.0;18.0;0.93;0.53;0.38;0.6;0.4;0.53;0.38;-0.0;-0.01;-0.0;-0.18000000000000005;-0.050000000000000044;0.010000000000000009;-0.030000000000000027;0.02999999999999997;-0.050000000000000044;0.010000000000000009;0.0;-0.04;
86;628;97.0;17;4;7;6;1;1;16;2.88;3.17;2.83;11.0;8.0;0.95;0.61;0.14;0.56;0.25;0.61;0.15;0.09;0.0;0.05;-0.07999999999999996;-0.12;-0.14;-0.24000000000000005;-0.10999999999999999;-0.12;-0.15000000000000002;0.12000000000000001;0.0;
87;629;97.0;12;3;5;4;1;1;11;2.92;3.0;3.0;10.0;5.0;1.0;0.58;0.1;0.65;0.16;0.58;0.1;-0.02;0.0;-0.03;0.0;-0.18999999999999995;-0.16;-0.20000000000000007;-0.13;-0.18999999999999995;-0.16999999999999998;0.009999999999999998;0.0;
88;632;98.0;19;4;10;5;1;1;14;3.0;3.0;2.6;9.0;7.0;1.0;0.42;0.29;0.35;0.24;0.43;0.3;0.02;0.0;0.02;0.0;-0.23000000000000004;-0.09999999999999998;-0.5700000000000001;-0.010000000000000009;-0.23000000000000004;-0.08999999999999997;0.18;0.0;0.19
89;633;98.0;18;3;8;7;1;1;13;3.0;3.6;2.8;10.0;6.0;1.0;0.32;0.25;0.59;0.29;0.27;0.25;-0.14;0.04;-0.07;0.0;-0.15999999999999998;-0.020000000000000018;-0.30999999999999994;-0.1;-0.16;-0.030000000000000027;-0.09999999999999999;0.06;
90;636;90.0;13;4;6;3;1;1;11;6.0;3.67;1.33;14.0;7.0;1.0;0.33;0.37;0.32;0.33;0.33;0.37;0.01;0.0;0.01;0.0;0.0;0.0;0.0;0.010000000000000009;0.0;0.0;0.01;0.0;
91;637;90.0;12;3;6;3;1;1;9;6.0;3.67;1.67;16.0;13.0;1.0;0.33;0.37;0.32;0.36;0.33;0.37;0.01;0.0;0.02;0.0;0.0;0.0;0.03999999999999998;0.030000000000000027;0.0;0.0;-0.04;0.0;
92;638;91.0;2;1;1;0;1;1;2;2.5;;;36.0;;1.0;0.0;0.0;;;0.0;0.0;;0.0;;;;;;;;;;;
93;641;91.0;18;5;9;4;1;1;15;3.56;3.22;2.0;10.0;12.0;0.9;0.49;0.39;0.67;0.38;0.55;0.3;-0.16;-0.07;0.01;0.10999999999999999;-0.010000000000000009;-0.04999999999999999;-0.12;0.0;-0.25000000000000006;0.13999999999999999;0.03;0.24;-0.11
94;642;91.0;2;1;1;0;1;1;2;4.0;;;36.0;;1.0;0.0;0.0;;;0.0;0.0;;0.0;;;;;;;;;;;
95;643;91.0;6;3;2;1;1;1;6;5.0;3.0;3.0;21.0;21.0;1.0;0.42;0.37;0.48;0.41;0.42;0.37;-0.02;0.0;-0.02;0.0;;;;;;;;;
96;644;91.0;8;3;3;2;1;1;8;3.12;3.5;2.5;21.0;18.0;1.0;0.55;0.2;0.58;0.2;0.55;0.2;0.0;0.0;0.0;0.0;-0.12;-0.21000000000000002;-0.25;-0.07999999999999999;-0.12;-0.21000000000000002;0.0;0.0;0.0
97;645;91.0;16;5;8;3;1;1;13;4.5;3.29;2.14;11.0;10.0;0.97;0.53;0.26;0.64;0.26;0.54;0.26;-0.05;-0.01;-0.05;-0.050000000000000044;0.08999999999999997;0.14;-0.040000000000000036;0.09;0.09999999999999998;0.14;0.010000000000000002;-0.01;0.010000000000000002
98;651;101.0;17;6;6;5;1;1;17;16.59;3.57;1.29;11.0;7.0;0.8;0.57;0.38;0.61;0.36;0.6;0.37;-0.04;-0.03;-0.05;-0.020000000000000018;-0.010000000000000009;-0.020000000000000018;-0.15999999999999992;0.03999999999999998;-0.040000000000000036;-0.010000000000000009;0.13;0.04;
99;652;101.0;17;6;6;5;1;1;17;18.76;3.71;1.57;11.0;7.0;0.86;0.63;0.38;0.62;0.38;0.66;0.36;0.02;-0.03;0.0;0.06000000000000005;-0.010000000000000009;0.010000000000000009;-0.15999999999999992;0.06;-0.010000000000000009;0.020000000000000018;0.13;0.0;
100;653;101.0;10;3;4;3;1;1;10;18.2;;;9.0;11.0;0.76;0.53;0.34;0.58;0.31;0.57;0.37;-0.02;-0.05;;;;;;;;;;;
101;654;101.0;16;5;6;5;1;1;16;18.88;3.5;2.0;12.0;11.0;0.75;0.44;0.37;0.67;0.32;0.49;0.37;-0.15;-0.07;-0.03;0.0;-0.08000000000000002;0.030000000000000027;0.14;0.0;-0.11000000000000004;0.040000000000000036;-0.16999999999999998;-0.020000000000000004;
102;656;102.0;9;0;4;5;1;1;7;2.0;3.0;3.0;21.0;14.0;1.0;0.31;0.31;0.32;0.37;0.31;0.31;0.05;0.0;0.05;0.0;-0.13;-0.13;-0.15999999999999998;-0.16999999999999998;-0.13;-0.13;0.0;0.0;0.0
103;657;102.0;10;1;5;4;1;1;9;2.0;2.0;3.5;20.0;11.0;1.0;0.5;0.44;0.51;0.37;0.52;0.43;-0.01;-0.02;0.02;0.0;0.0;0.12;-0.10000000000000003;0.15999999999999998;0.030000000000000027;0.15999999999999998;0.1;-0.03;0.07
104;659;1.0;4;2;2;0;1;1;4;3.0;4.0;1.25;19.0;6.0;1.0;0.67;0.24;0.7;0.25;0.67;0.24;-0.04;0.0;-0.04;;;;;;;;;;
105;660;1.0;4;2;0;2;1;1;4;8.5;2.5;3.5;42.0;21.0;0.96;0.33;0.37;0.54;0.36;0.37;0.37;-0.2;-0.03;-0.2;0.07999999999999996;;;;;;;;;
106;661;1.0;9;4;4;1;1;1;8;12.33;3.0;2.75;19.0;19.0;0.87;0.37;0.43;0.54;0.41;0.47;0.44;-0.18;-0.09;-0.02;-0.16999999999999993;-0.010000000000000009;-0.010000000000000009;0.27999999999999997;-0.010000000000000009;0.12000000000000005;0.0;-0.24;-0.11000000000000001;-0.14
107;662;1.0;9;4;4;1;1;1;8;5.56;3.25;2.25;21.0;21.0;0.96;0.42;0.41;0.52;0.38;0.43;0.39;-0.09;0.0;-0.01;-0.07999999999999996;-0.020000000000000018;0.009999999999999953;0.23000000000000004;-0.010000000000000009;-0.020000000000000018;-0.010000000000000009;-0.24;0.0;
108;663;1.0;5;2;0;3;1;1;5;7.0;2.5;3.0;39.0;13.0;1.0;0.6;0.43;0.54;0.43;0.59;0.43;0.0;0.0;0.0;0.0;0.030000000000000027;-0.020000000000000018;;;;;;;
109;664;1.0;8;5;3;0;1;1;8;11.12;3.5;2.75;22.0;15.0;0.98;0.55;0.35;0.55;0.36;0.55;0.37;0.02;-0.01;0.03;-0.050000000000000044;0.0;0.02999999999999997;0.020000000000000018;0.06;0.010000000000000009;0.04999999999999999;0.03;-0.01;0.05
110;665;1.0;8;2;4;2;1;1;6;10.38;3.6;2.75;22.0;18.0;0.99;0.52;0.35;0.54;0.36;0.52;0.35;-0.04;0.0;-0.04;-0.030000000000000027;-0.09000000000000002;0.019999999999999962;-0.06999999999999995;0.03999999999999998;-0.09000000000000002;0.019999999999999962;0.0;0.0;0.0
111;667;1.0;4;3;0;1;1;1;4;2.0;;;23.0;20.0;1.0;0.25;0.25;0.31;0.24;0.25;0.25;-0.06;0.0;-0.06;;;;;;;;;;
112;668;1.0;8;4;3;1;1;1;8;11.0;3.75;1.25;22.0;17.0;0.95;0.47;0.4;0.52;0.39;0.49;0.4;-0.05;-0.03;-0.02;-0.12;0.04999999999999999;0.02999999999999997;0.06999999999999995;0.010000000000000009;0.15999999999999998;-0.010000000000000009;-0.030000000000000006;-0.11;0.08
113;670;105.0;19;7;7;5;1;1;17;4.58;3.62;1.33;10.0;6.0;1.0;0.38;0.3;0.4;0.32;0.36;0.28;-0.01;0.0;0.0;0.0;0.040000000000000036;0.09000000000000002;0.06;0.08999999999999997;0.010000000000000009;0.06;-0.01;0.0;0.01
114;671;105.0;19;7;7;5;1;1;17;9.0;3.75;1.67;10.0;6.0;0.98;0.5;0.41;0.48;0.41;0.5;0.41;0.02;0.0;0.02;-0.050000000000000044;0.0;0.0;0.020000000000000018;0.0;0.0;0.0;-0.019999999999999997;0.0;-0.019999999999999997
115;676;99.0;4;2;1;1;2;1;4;7.75;;;6.0;1.0;0.29;0.62;0.41;0.59;0.42;;;0.03;;;;;;;;;;;;
116;677;99.0;4;2;1;1;1;1;4;8.0;;;6.0;1.0;;0.62;0.41;0.72;0.37;;;-0.1;;;;;;;;;;;;
117;678;99.0;6;3;1;2;2;1;6;5.17;;;19.0;25.0;0.56;0.75;0.36;0.73;0.41;0.5;0.0;-0.01;0.3;;0.41;;;;;;;;;
118;679;99.0;5;3;1;1;1;1;5;5.0;3.5;1.5;40.0;45.0;1.0;0.55;0.35;0.71;0.32;0.55;0.35;-0.11;0.0;-0.11;0.0;0.09999999999999998;0.04999999999999999;;;0.09999999999999998;0.04999999999999999;;0.0;
119;680;99.0;4;3;0;1;1;1;4;5.5;;;32.0;37.0;0.56;0.8;0.24;;;0.5;0.0;;0.3;;0.41;;;;;;;;;
120;681;99.0;4;3;0;1;1;1;4;9.5;3.0;1.0;7.0;0.0;1.0;0.6;0.37;;;0.6;0.37;;0.0;;0.0;;;;;;;;;
121;684;100.0;10;4;4;2;1;1;7;14.9;4.0;2.0;16.0;13.0;0.92;0.34;0.37;0.5;0.37;0.41;0.38;-0.15;-0.07;-0.08;0.030000000000000027;-0.010000000000000009;0.030000000000000027;-0.06;0.040000000000000036;0.0;0.04999999999999999;0.03;-0.009999999999999995;
122;685;100.0;9;2;6;1;1;1;7;14.11;3.67;1.0;18.0;11.0;0.94;0.34;0.37;0.35;0.38;0.35;0.37;-0.01;-0.02;-0.01;0.039999999999999925;0.06;0.040000000000000036;0.06;0.020000000000000018;0.02999999999999997;0.050000000000000044;0.02;0.02;0.02
123;687;100.0;13;3;5;5;1;1;10;18.0;3.75;2.0;12.0;8.0;0.69;0.62;0.38;0.59;0.37;0.63;0.35;0.08;-0.01;0.04;0.15000000000000002;-0.08000000000000007;0.010000000000000009;;;-0.040000000000000036;0.009999999999999953;;-0.04;
124;688;100.0;8;2;4;2;1;1;8;17.38;4.0;2.5;19.0;11.0;0.76;0.63;0.38;0.57;0.39;0.65;0.37;0.1;-0.02;0.11;-0.14;-0.08000000000000007;0.010000000000000009;;;-0.040000000000000036;0.010000000000000009;;-0.03;
125;691;106.0;9;2;3;4;1;1;7;6.89;;;21.0;18.0;1.0;0.25;0.27;0.37;0.3;0.38;0.33;-0.11;-0.07;-0.12;0.0;0.17;0.16;0.44999999999999996;0.21000000000000002;0.0;0.08000000000000002;-0.13;0.12;-0.16999999999999998
126;692;106.0;4;2;0;2;1;1;4;3.25;;;27.0;12.0;1.0;0.55;0.49;0.71;0.45;0.5;0.5;-0.11;0.0;;;;;;;;;;;
127;695;107.0;13;2;8;3;1;1;9;6.54;3.67;2.33;11.0;8.0;0.97;0.31;0.32;0.28;0.3;0.3;0.32;0.01;-0.0;-0.02;-0.040000000000000036;0.04999999999999999;0.020000000000000018;-0.02999999999999997;0.0;0.03999999999999998;0.010000000000000009;0.07;-0.01;0.019999999999999997
128;697;107.0;12;2;8;2;1;1;8;6.5;2.67;3.33;13.0;8.0;1.0;0.45;0.37;0.46;0.36;0.44;0.36;-0.04;0.0;-0.02;0.0;0.12;0.010000000000000009;0.15000000000000002;-0.010000000000000009;0.10999999999999999;0.0;-0.020000000000000004;0.0;0.05
129;703;109.0;8;1;5;2;1;1;7;30.0;3.67;2.67;19.0;5.0;0.87;0.63;0.38;0.59;0.38;0.65;0.37;0.02;-0.02;0.01;0.010000000000000009;0.07000000000000006;0.0;-0.010000000000000009;0.030000000000000027;0.09000000000000008;0.010000000000000009;0.060000000000000005;-0.02;0.04
130;704;109.0;8;1;5;2;1;1;7;29.0;3.0;2.67;19.0;6.0;0.82;0.63;0.35;0.64;0.38;0.64;0.36;-0.02;-0.02;0.0;-0.039999999999999925;0.010000000000000009;-0.010000000000000009;-0.09999999999999998;0.06;-0.020000000000000018;0.010000000000000009;0.1;0.03;0.07
131;707;108.0;18;7;5;6;1;1;14;23.11;;;9.0;18.0;0.76;0.54;0.34;0.75;0.38;0.57;0.32;-0.03;-0.03;-0.02;0.020000000000000018;-0.21999999999999997;-0.02999999999999997;;;-0.21999999999999997;-0.010000000000000009;;0.009999999999999998;
132;708;108.0;18;7;6;5;1;1;12;23.5;;;9.0;17.0;0.72;0.5;0.33;0.49;0.29;0.5;0.32;0.02;0.0;0.02;0.06999999999999995;-0.010000000000000009;0.010000000000000009;;;0.08000000000000002;-0.010000000000000009;;-0.05;
133;710;108.0;11;3;4;4;1;1;9;26.18;;;13.0;6.0;0.73;0.56;0.37;0.63;0.37;0.62;0.37;-0.09;-0.05;-0.01;0.06999999999999995;0.07999999999999996;-0.010000000000000009;-0.010000000000000009;0.010000000000000009;0.06000000000000005;-0.020000000000000018;0.08;0.030000000000000006;0.1
134;711;108.0;11;3;4;4;1;1;9;25.55;;;13.0;6.0;0.62;0.45;0.38;0.52;0.37;0.48;0.39;-0.08;-0.03;0.0;-0.15000000000000002;-0.03999999999999998;-0.010000000000000009;-0.06000000000000005;-0.10999999999999999;-0.12999999999999995;0.0;-0.020000000000000004;0.060000000000000005;-0.02
135;714;110.0;12;4;4;4;1;1;9;18.75;3.33;2.67;15.0;13.0;0.95;0.52;0.32;0.52;0.38;0.52;0.31;-0.05;0.0;-0.18;0.14;0.09000000000000008;-0.020000000000000018;;;0.17000000000000004;0.0;;0.0;
136;715;110.0;10;4;3;3;1;1;9;18.9;3.33;2.67;16.0;12.0;0.92;0.68;0.33;0.7;0.29;0.65;0.35;0.0;-0.01;-0.05;0.08999999999999997;-0.09999999999999998;0.08000000000000002;;;-0.010000000000000009;0.03999999999999998;;-0.03;
137;717;110.0;10;3;4;3;1;1;9;19.1;3.5;4.0;17.0;10.0;0.56;0.48;0.39;0.54;0.37;0.48;0.39;-0.02;-0.03;-0.0;0.13;-0.20999999999999996;-0.010000000000000009;-0.25;0.020000000000000018;-0.30000000000000004;0.0;0.11000000000000001;0.09;0.14
138;718;110.0;8;2;3;3;1;1;8;20.38;3.0;4.0;19.0;9.0;0.34;0.51;0.37;0.45;0.41;0.46;0.4;0.02;0.08;0.02;0.08000000000000002;0.09999999999999998;0.020000000000000018;-0.19;0.010000000000000009;-0.17000000000000004;-0.02999999999999997;0.22;0.25;0.2
139;719;132.0;15;1;7;7;1;1;11;4.0;3.5;1.5;13.0;5.0;1.0;0.71;0.12;0.5;0.0;0.7;0.12;0.0;0.0;0.0;0.0;0.38;0.22;;;0.38;0.22;;0.0;
140;721;132.0;14;1;7;6;1;1;10;2.0;3.0;3.0;13.0;7.0;1.0;0.52;0.02;0.5;0.0;0.52;0.02;0.0;0.0;0.0;0.0;0.040000000000000036;0.04;;;0.040000000000000036;0.04;;0.0;
141;725;133.0;12;9;3;0;3;1;9;7.0;4.0;1.0;16.0;16.0;0.92;0.46;0.35;0.75;0.25;0.53;0.29;-0.5;-0.07;-0.5;-0.17000000000000004;0.31000000000000005;0.15000000000000002;;;0.42000000000000004;0.06;;-0.1;
142;726;133.0;13;6;4;3;2;1;6;10.0;4.0;1.5;16.0;15.0;0.98;0.54;0.28;0.55;0.24;0.55;0.27;-0.02;-0.01;-0.02;-0.050000000000000044;0.039999999999999925;0.13999999999999999;;;0.05999999999999994;0.12000000000000002;;-0.03;
143;728;133.0;12;5;5;2;2;1;8;10.33;4.0;2.0;13.0;14.0;0.88;0.53;0.3;0.5;0.0;0.56;0.3;0.0;-0.02;0.0;-0.20999999999999996;-0.040000000000000036;0.18999999999999997;;;0.0;0.18999999999999997;;-0.03;
144;729;133.0;13;8;3;2;1;1;4;11.23;4.0;1.0;15.0;16.0;0.92;0.58;0.34;0.56;0.39;0.58;0.34;0.02;0.0;0.02;-0.010000000000000009;-0.07999999999999996;-0.08999999999999997;0.10999999999999999;0.010000000000000009;-0.07999999999999996;-0.08999999999999997;-0.19;0.0;-0.19
145;732;128.0;13;3;6;4;1;1;11;8.31;3.33;3.0;11.0;10.0;1.0;0.39;0.38;0.41;0.39;0.39;0.37;-0.0;-0.01;0.02;0.0;-0.13;-0.020000000000000018;-0.18;-0.06999999999999995;-0.12;-0.020000000000000018;0.05;-0.01;0.019999999999999997
146;733;128.0;18;4;8;6;1;1;16;8.28;3.5;2.5;10.0;10.0;0.97;0.41;0.39;0.43;0.4;0.39;0.38;-0.01;0.01;0.01;0.050000000000000044;-0.10999999999999999;-0.010000000000000009;-0.13;-0.03999999999999998;-0.07999999999999996;-0.020000000000000018;0.04;-0.03;0.02
147;735;128.0;16;6;5;5;1;1;16;9.56;;;7.0;4.0;0.84;0.63;0.34;;;0.69;0.3;;-0.06;;;;;;;;;;;
148;736;128.0;24;8;10;6;1;1;16;7.75;3.83;1.33;8.0;4.0;0.87;0.39;0.4;0.52;0.34;0.45;0.41;-0.06;-0.06;-0.05;-0.09999999999999998;-0.12;0.09000000000000002;;;-0.07;0.09000000000000002;;-0.05;
149;738;128.0;11;3;4;4;1;1;10;4.64;3.0;2.0;11.0;6.0;0.99;0.51;0.39;0.6;0.39;0.52;0.39;-0.07;-0.01;-0.03;-0.030000000000000027;0.030000000000000027;-0.03999999999999998;-0.12;0.010000000000000009;0.050000000000000044;-0.04999999999999999;0.22000000000000003;-0.02;0.22000000000000003
150;739;128.0;11;3;4;4;1;1;10;7.45;3.0;2.0;11.0;5.0;0.98;0.57;0.39;0.62;0.39;0.59;0.38;-0.02;-0.02;0.01;-0.020000000000000018;0.039999999999999925;0.0;-0.07000000000000006;0.06;0.050000000000000044;0.0;0.07;0.0;0.03
151;741;128.0;9;2;4;3;2;1;8;6.78;3.83;1.0;9.0;4.0;1.0;0.72;0.35;0.76;0.33;0.72;0.34;-0.03;0.0;-0.02;;-0.020000000000000018;0.06;0.040000000000000036;0.03999999999999998;;;-0.06999999999999999;;
152;742;128.0;1;0;0;1;1;1;1;11.0;;;;;;0.55;0.4;;;;;;;;;;;;;;;;;
153;744;131.0;6;0;2;4;1;1;4;6.0;3.5;2.5;16.0;12.0;1.0;0.42;0.35;0.55;0.39;0.41;0.35;-0.14;0.0;-0.1;;;;;;;;;;
154;745;131.0;13;2;5;6;1;1;9;6.08;4.0;1.5;15.0;10.0;1.0;0.47;0.36;0.56;0.36;0.48;0.36;-0.14;0.0;-0.16;0.0;0.12000000000000005;0.030000000000000027;;;0.13000000000000006;0.030000000000000027;;0.0;
155;746;131.0;7;4;3;0;1;1;7;8.0;;;14.0;12.0;1.0;0.54;0.4;;;0.54;0.4;;0.0;;;;;;;;;;;
156;748;131.0;8;2;4;2;1;1;8;6.12;;;13.0;11.0;1.0;0.51;0.42;;;0.51;0.42;;0.0;;;;;;;;;;;
157;749;131.0;6;3;3;0;1;1;6;6.83;;;13.0;6.0;0.97;0.52;0.39;;;0.55;0.38;;-0.03;;;;;;;;;;;
158;752;129.0;15;4;6;5;1;1;12;8.67;3.83;;12.0;6.0;0.94;0.53;0.35;0.46;0.34;0.51;0.34;0.13;0.02;0.09;-0.010000000000000009;-0.2899999999999999;0.10000000000000003;;;-0.27;0.10000000000000003;;-0.009999999999999998;
159;753;129.0;15;4;6;5;1;1;12;9.87;3.5;;12.0;6.0;0.88;0.4;0.37;0.4;0.34;0.41;0.37;-0.02;-0.01;-0.04;0.040000000000000036;-0.02999999999999997;0.010000000000000009;;;-0.02999999999999997;0.020000000000000018;;-0.01;
160;755;129.0;17;5;7;5;1;1;15;11.71;3.88;2.0;11.0;9.0;0.81;0.49;0.41;0.66;0.32;0.58;0.37;-0.18;-0.11;-0.07;0.09999999999999998;0.06;0.010000000000000009;0.039999999999999925;0.04999999999999999;-0.039999999999999925;0.030000000000000027;0.06;0.09999999999999999;
161;756;129.0;17;5;7;5;1;1;15;9.47;3.75;2.33;11.0;7.0;0.9;0.55;0.39;0.64;0.34;0.63;0.34;-0.11;-0.06;-0.05;-0.030000000000000027;-0.030000000000000027;0.020000000000000018;-0.10000000000000009;0.06;-0.010000000000000009;0.02999999999999997;-0.009999999999999995;0.020000000000000004;
162;758;129.0;16;7;6;3;1;1;14;10.44;4.0;;11.0;9.0;0.99;0.5;0.4;0.55;0.36;0.52;0.4;-0.01;-0.01;-0.03;-0.020000000000000018;-0.10000000000000003;-0.019999999999999962;-0.21999999999999997;0.10000000000000003;-0.09000000000000008;-0.02999999999999997;0.03;-0.02;
163;759;129.0;16;6;6;4;2;1;13;9.0;3.5;;11.0;9.0;0.97;0.62;0.39;0.66;0.36;0.65;0.37;-0.04;-0.03;0.01;0.0;-0.040000000000000036;0.02999999999999997;-0.04999999999999993;0.09000000000000002;-0.06000000000000005;0.050000000000000044;0.08;0.0;
164;762;130.0;6;1;2;3;1;1;6;5.0;;;19.0;9.0;0.97;0.58;0.38;0.5;0.35;0.56;0.38;-0.1;0.02;-0.1;;;;;;;;;;
165;763;130.0;8;1;5;2;1;1;7;5.25;3.2;1.8;21.0;14.0;1.0;0.44;0.3;0.41;0.29;0.44;0.3;-0.04;0.0;-0.04;0.0;0.16000000000000003;0.030000000000000027;;;0.16000000000000003;0.030000000000000027;;0.0;
166;765;130.0;8;2;3;3;1;1;7;3.88;3.0;2.0;22.0;10.0;1.0;0.46;0.36;0.53;0.33;0.46;0.36;-0.01;0.0;-0.01;0.0;-0.13;0.020000000000000018;;;-0.13;0.020000000000000018;;0.0;
167;766;130.0;7;0;5;2;1;1;5;4.0;2.67;2.67;33.0;21.0;1.0;0.38;0.29;0.52;0.33;0.37;0.27;-0.03;0.0;-0.02;0.0;-0.08000000000000002;-0.010000000000000009;0.06000000000000005;0.09000000000000002;-0.13;-0.06;-0.039999999999999994;0.0;
168;770;117.0;12;1;1;10;1;1;8;11.42;4.0;2.0;16.0;10.0;0.8;0.49;0.36;0.46;0.35;0.49;0.37;0.0;-0.0;0.0;-0.32999999999999996;0.040000000000000036;0.0;;;0.04999999999999999;0.0;;-0.0;
169;771;117.0;12;1;1;10;1;1;8;24.08;3.67;2.0;16.0;10.0;0.68;0.49;0.34;0.5;0.34;0.55;0.35;-0.14;-0.04;;-0.31999999999999995;-0.03999999999999998;-0.02999999999999997;;;-0.07999999999999996;0.009999999999999953;;-0.020000000000000004;
170;772;117.0;12;2;7;3;1;1;10;18.0;4.0;1.5;16.0;11.0;0.87;0.47;0.38;0.64;0.38;0.48;0.37;-0.17;-0.01;-0.15;0.010000000000000009;0.019999999999999962;0.010000000000000009;;;0.010000000000000009;0.030000000000000027;;0.03;
171;774;117.0;12;2;6;4;1;1;9;10.75;4.0;1.67;16.0;11.0;0.94;0.55;0.36;0.66;0.36;0.54;0.35;-0.08;0.0;-0.06;-0.010000000000000009;-0.020000000000000018;-0.020000000000000018;;;0.0;0.0;;-0.01;
172;781;112.0;9;1;2;6;1;1;6;26.56;3.75;2.67;17.0;10.0;0.71;0.57;0.35;0.59;0.34;0.6;0.35;-0.03;-0.03;0.01;0.08999999999999997;-0.05999999999999994;-0.02999999999999997;-0.29;-0.02999999999999997;-0.1399999999999999;0.0;0.22000000000000003;0.09;0.07
173;782;112.0;4;2;0;2;1;1;4;28.0;;;15.0;0.0;0.68;0.52;0.33;;;0.62;0.31;;-0.1;;;;;;;;;;;
174;783;112.0;4;4;0;0;1;1;4;22.0;;;19.0;11.0;0.66;;;;;;;;;;;;;;;;;;;
175;784;112.0;10;6;3;1;1;1;6;27.1;3.17;2.33;12.0;10.0;0.76;0.58;0.37;0.66;0.36;0.57;0.36;-0.07;0.01;-0.09;-0.17999999999999994;;;;;;;;;
176;785;112.0;13;3;6;4;2;1;10;30.46;3.75;3.0;9.0;7.0;0.61;0.57;0.35;0.6;0.35;0.62;0.33;-0.02;-0.05;0.04;0.20999999999999996;-0.13;0.020000000000000018;-0.14;0.04999999999999999;-0.09999999999999998;0.02999999999999997;-0.009999999999999998;-0.04;0.04000000000000001
177;786;112.0;12;2;6;4;2;1;9;22.0;3.0;2.86;9.0;8.0;0.64;0.44;0.38;0.62;0.33;0.59;0.34;-0.17;-0.15;-0.04;-0.08000000000000007;-0.040000000000000036;-0.030000000000000027;-0.14;0.04999999999999999;-0.029999999999999916;0.009999999999999953;0.1;0.0;0.13
178;787;112.0;13;6;5;2;1;1;11;28.38;3.88;2.83;13.0;9.0;0.65;0.59;0.35;0.72;0.33;0.63;0.33;-0.13;-0.04;-0.1;-0.15999999999999992;-0.05999999999999994;0.020000000000000018;;;0.0;-0.010000000000000009;;-0.06999999999999999;
179;788;112.0;4;2;0;2;1;1;4;26.5;;;26.0;16.0;0.62;0.58;0.32;;;0.61;0.32;;-0.03;;;;;;;;;;;
180;795;111.0;17;4;7;6;2;1;14;21.88;3.33;2.5;9.0;6.0;0.98;0.61;0.31;0.59;0.35;0.61;0.31;0.0;-0.01;0.0;-0.030000000000000027;-0.010000000000000009;-0.010000000000000009;;;-0.010000000000000009;-0.020000000000000018;;-0.01;
181;796;111.0;17;4;7;6;2;1;13;18.41;3.12;2.33;9.0;6.0;0.95;0.53;0.37;;;0.55;0.37;;-0.02;;0.020000000000000018;0.010000000000000009;0.040000000000000036;;;0.010000000000000009;0.030000000000000027;;0.019999999999999997;
182;797;111.0;17;3;9;5;1;1;12;20.06;3.33;2.0;9.0;4.0;0.85;0.45;0.37;0.46;0.36;0.46;0.36;-0.03;-0.01;-0.02;-0.06000000000000005;0.06;-0.010000000000000009;-0.04999999999999999;-0.03999999999999998;0.03999999999999998;-0.010000000000000009;0.09;0.03;0.04
183;798;111.0;16;8;4;4;1;1;13;25.12;3.25;2.67;10.0;6.0;0.84;0.5;0.29;0.49;0.28;0.46;0.3;0.0;0.05;0.0;-0.10999999999999999;;;;;;;;;
184;799;111.0;14;4;7;3;1;1;10;19.71;3.5;1.67;12.0;12.0;0.76;0.43;0.4;0.45;0.4;0.52;0.4;-0.04;-0.09;0.05;0.06000000000000005;0.020000000000000018;0.0;;;0.040000000000000036;-0.019999999999999962;;-0.010000000000000009;
185;800;111.0;15;4;7;4;1;1;11;15.67;3.75;1.33;11.0;9.0;0.8;0.48;0.39;0.52;0.38;0.5;0.39;-0.03;-0.03;-0.03;0.19000000000000006;-0.08000000000000002;-0.020000000000000018;;;-0.06000000000000005;0.010000000000000009;;-0.009999999999999998;
186;801;111.0;12;3;5;4;1;1;10;20.67;;;9.0;5.0;0.66;0.49;0.38;;;0.54;0.36;;-0.05;;;;;;;;;;;
187;802;111.0;20;5;8;7;1;1;14;17.95;3.25;2.2;9.0;5.0;0.74;0.5;0.36;;;0.52;0.37;;-0.02;;-0.21999999999999997;0.0;0.03999999999999998;;;0.0;0.03999999999999998;;-0.01;
188;804;103.0;5;3;0;2;1;1;5;8.0;3.0;1.0;28.0;2.0;0.94;0.5;0.38;0.63;0.37;0.57;0.36;-0.19;-0.07;-0.05;0.07999999999999996;0.12000000000000005;-0.020000000000000018;;;-0.019999999999999907;0.02999999999999997;;0.15;
189;805;103.0;7;3;2;2;1;1;5;5.71;3.33;3.0;17.0;12.0;0.94;0.67;0.31;0.37;0.22;0.61;0.27;0.13;0.06;-0.12;0.10999999999999999;0.22999999999999998;-0.12999999999999995;;;0.48;0.030000000000000027;;-0.25;
190;807;103.0;6;1;4;1;1;1;6;10.33;2.5;3.5;23.0;14.0;0.81;0.33;0.39;0.53;0.4;0.36;0.39;-0.19;-0.06;-0.17;0.21999999999999997;0.11999999999999997;0.07;-0.010000000000000009;0.06;-0.010000000000000009;0.050000000000000044;0.22999999999999998;0.09;
191;808;103.0;7;2;4;1;1;1;6;8.57;2.33;3.67;19.0;18.0;0.89;0.53;0.37;0.75;0.33;0.55;0.34;-0.26;-0.04;-0.14;0.18000000000000005;0.20999999999999996;-0.010000000000000009;0.09000000000000008;0.010000000000000009;-0.029999999999999916;0.020000000000000018;0.16000000000000003;0.22;
192;812;115.0;11;1;7;3;1;1;9;9.36;3.25;1.67;14.0;12.0;0.96;0.57;0.43;0.73;0.38;0.61;0.42;-0.23;-0.02;-0.21;0.06999999999999995;0.10999999999999999;-0.030000000000000027;-0.10999999999999999;0.07;0.09000000000000008;-0.03999999999999998;0.10999999999999999;0.04;
193;813;115.0;11;1;7;3;1;1;9;8.82;3.67;1.67;13.0;10.0;1.0;0.43;0.39;0.45;0.39;0.43;0.39;-0.09;0.0;-0.07;0.0;0.2;0.02999999999999997;0.19999999999999996;-0.030000000000000027;0.21000000000000002;0.03999999999999998;-0.010000000000000009;0.0;
194;816;116.0;8;2;6;0;1;1;6;5.75;2.8;2.8;21.0;17.0;1.0;0.51;0.25;0.48;0.26;0.47;0.24;0.03;0.02;0.0;0.0;0.12;0.07;0.08000000000000007;0.08000000000000002;;;0.039999999999999994;;
195;817;116.0;9;2;7;0;1;1;6;9.22;2.8;2.8;18.0;10.0;1.0;0.55;0.34;0.51;0.34;0.53;0.35;0.03;0.01;0.01;0.0;0.07999999999999996;0.009999999999999953;0.050000000000000044;-0.02999999999999997;0.08999999999999997;0.040000000000000036;0.039999999999999994;-0.01;
196;818;114.0;17;5;7;5;1;1;12;2.76;3.67;1.78;9.0;7.0;1.0;0.5;0.0;0.5;0.0;0.5;0.0;0.0;0.0;0.0;0.0;0.0;0.0;;;0.0;0.0;;0.0;
197;820;114.0;18;5;7;6;1;1;11;3.33;3.67;3.0;8.0;6.0;1.0;0.58;0.18;0.44;0.29;0.56;0.16;0.1;0.02;0.02;0.0;0.07999999999999996;-0.31999999999999995;;;0.12;-0.29000000000000004;;-0.04;
198;821;114.0;18;5;7;6;1;1;12;3.72;3.78;2.5;8.0;5.0;1.0;0.43;0.29;0.42;0.17;0.43;0.29;-0.06;0.0;-0.06;0.0;0.13;0.12999999999999998;;;0.13;0.12999999999999998;;0.0;
199;823;114.0;16;5;6;5;1;1;11;2.69;3.38;2.25;9.0;7.0;1.0;0.46;0.04;0.5;0.0;0.46;0.04;0.0;0.0;0.0;0.0;-0.07;0.08;;;-0.07;0.08;;0.0;
200;826;113.0;25;7;11;7;2;1;18;7.12;3.73;1.73;7.0;7.0;0.99;0.51;0.37;0.67;0.35;0.51;0.37;-0.08;0.0;-0.08;-0.020000000000000018;-0.16999999999999998;-0.010000000000000009;;;-0.16999999999999998;-0.010000000000000009;;0.0;
201;827;113.0;19;6;8;5;1;1;17;10.63;4.0;1.67;9.0;7.0;0.98;0.52;0.43;0.6;0.42;0.52;0.43;-0.09;0.0;-0.09;-0.030000000000000027;-0.020000000000000018;0.0;;;-0.020000000000000018;0.0;;0.0;
202;829;113.0;20;6;8;6;1;1;18;8.5;4.0;1.2;8.0;8.0;1.0;0.64;0.38;0.77;0.34;0.64;0.38;-0.06;0.0;-0.06;0.0;-0.08999999999999997;0.030000000000000027;;;-0.08999999999999997;0.030000000000000027;;0.0;
203;830;113.0;14;5;5;4;1;1;14;5.0;;;6.0;6.0;1.0;0.4;0.2;;;0.4;0.2;;0.0;;;;;;;;;;;
204;835;123.0;11;6;5;0;1;1;10;9.55;3.6;1.4;13.0;14.0;0.95;0.55;0.33;0.66;0.34;0.52;0.33;-0.05;0.03;-0.05;-0.09999999999999998;-0.08999999999999997;0.0;;;-0.14;0.010000000000000009;;0.05;
205;836;123.0;13;7;6;0;1;1;11;13.92;3.6;1.4;12.0;12.0;0.94;0.54;0.39;0.59;0.41;0.52;0.39;-0.05;0.01;-0.1;0.13;-0.010000000000000009;-0.02999999999999997;;;0.040000000000000036;-0.02999999999999997;;-0.04;
206;838;123.0;15;7;8;0;1;1;13;9.87;3.43;1.71;9.0;8.0;0.97;0.51;0.35;0.49;0.39;0.53;0.34;0.05;-0.03;0.05;-0.06000000000000005;-0.020000000000000018;-0.07;;;0.030000000000000027;-0.09000000000000002;;-0.05;
207;839;123.0;15;7;8;0;1;1;13;8.4;3.43;1.29;9.0;8.0;0.93;0.35;0.31;0.48;0.36;0.38;0.27;-0.09;-0.04;-0.07;-0.10999999999999999;-0.09000000000000002;-0.07999999999999996;;;-0.040000000000000036;-0.13000000000000003;;-0.049999999999999996;
208;841;125.0;9;2;5;2;1;1;7;14.89;4.0;2.33;20.0;17.0;0.85;0.51;0.4;0.65;0.39;0.57;0.39;-0.13;-0.06;-0.11;0.19999999999999996;-0.020000000000000018;-0.019999999999999962;-0.1399999999999999;0.03999999999999998;-0.13;0.010000000000000009;0.09999999999999999;0.12000000000000001;
209;842;125.0;8;2;4;2;1;1;7;18.62;4.0;2.4;24.0;20.0;0.86;0.6;0.34;0.58;0.35;0.6;0.35;0.01;0.01;0.04;-0.19000000000000006;0.010000000000000009;0.009999999999999953;0.050000000000000044;-0.019999999999999962;-0.030000000000000027;0.019999999999999962;-0.07;0.05;
210;844;125.0;15;5;6;4;1;1;9;13.67;3.62;1.38;10.0;5.0;0.94;0.45;0.35;0.5;0.39;0.46;0.34;-0.05;-0.01;-0.04;-0.04999999999999993;-0.03999999999999998;0.0;-0.08000000000000002;0.0;-0.03999999999999998;-0.019999999999999962;0.049999999999999996;0.0;0.04
211;845;125.0;11;4;4;3;1;1;9;19.09;3.89;1.67;9.0;7.0;0.98;0.54;0.32;0.55;0.35;0.53;0.32;-0.01;0.0;-0.02;0.020000000000000018;0.07999999999999996;-0.04999999999999999;0.04999999999999993;-0.13;0.08999999999999997;-0.04999999999999999;0.04;0.0;0.04
212;849;119.0;4;2;1;1;1;1;3;21.0;;;30.0;15.0;0.86;0.58;0.34;0.57;0.35;0.58;0.35;0.0;0.01;0.0;;;;;;;;;;
213;850;119.0;6;2;3;1;1;1;5;22.33;;;43.0;26.0;1.0;0.55;0.37;0.62;0.33;0.55;0.37;-0.11;0.0;-0.11;0.0;0.06999999999999995;-0.04999999999999999;-0.10000000000000009;0.03999999999999998;0.06999999999999995;-0.04999999999999999;0.21;0.0;0.21
214;852;119.0;6;4;1;1;1;1;5;22.33;2.67;2.67;37.0;35.0;0.52;0.59;0.38;0.62;0.35;0.76;0.32;-0.02;-0.17;0.18;-0.26000000000000006;;;;;;;;;
215;853;119.0;5;2;2;1;1;1;5;21.6;2.0;3.0;51.0;34.0;0.68;0.65;0.38;0.8;0.3;0.74;0.34;-0.12;-0.09;-0.05;-0.38;;;;;;;;;
216;855;119.0;14;0;8;6;1;1;6;10.57;;;14.0;11.0;1.0;0.42;0.2;0.43;0.12;0.38;0.28;0.0;0.0;0.01;0.0;-0.15999999999999998;0.35000000000000003;-0.23999999999999996;0.25;-0.14999999999999997;0.28;-0.05;0.0;-0.07
217;856;119.0;13;1;7;5;1;1;9;15.54;;;14.0;12.0;0.51;0.22;0.2;0.52;0.26;0.36;0.2;-0.04;-0.1;0.01;0.09999999999999998;0.26;0.23;0.13999999999999996;0.21;0.2;0.25;0.049999999999999996;0.03;0.03
218;857;119.0;6;3;3;0;2;1;4;15.83;;;21.0;16.0;0.69;0.54;0.34;0.55;0.36;0.52;0.33;0.01;0.01;-0.01;-0.17000000000000004;0.10999999999999999;0.019999999999999962;0.09999999999999998;0.020000000000000018;0.17000000000000004;0.06;0.01;-0.06;0.1
219;858;119.0;5;2;3;0;2;1;3;10.4;;;21.0;15.0;0.72;0.55;0.39;0.49;0.4;0.48;0.42;-0.01;0.07;-0.07;0.09999999999999998;0.08999999999999997;0.0;0.030000000000000027;0.02999999999999997;0.030000000000000027;0.04999999999999999;0.22999999999999998;0.07;0.14
220;861;119.0;11;4;6;1;1;1;7;19.73;4.0;1.5;16.0;16.0;0.74;0.42;0.35;0.49;0.36;0.47;0.36;-0.06;-0.04;-0.06;-0.15999999999999992;0.0;0.02999999999999997;;;0.04999999999999999;0.010000000000000009;;-0.039999999999999994;
221;862;119.0;10;3;6;1;1;1;6;22.0;4.0;1.5;17.0;17.0;0.73;0.34;0.31;0.46;0.32;0.38;0.33;-0.15;-0.04;-0.12;-0.38;0.04999999999999999;-0.010000000000000009;;;0.10999999999999999;0.030000000000000027;;-0.039999999999999994;
222;866;118.0;1;0;0;1;1;1;1;24.0;;;;;0.54;0.52;0.34;;;0.65;0.36;;-0.13;;;;;;;;;;;
223;867;118.0;6;2;2;2;1;1;5;24.5;3.0;3.2;12.0;7.0;0.67;0.52;0.34;0.53;0.29;0.55;0.32;-0.02;-0.03;0.02;0.4;0.030000000000000027;-0.03999999999999998;;;-0.010000000000000009;-0.010000000000000009;;0.04;
224;869;118.0;6;0;4;2;1;1;4;22.33;3.67;3.25;14.0;8.0;0.51;0.51;0.34;0.61;0.39;0.56;0.39;-0.1;-0.05;-0.03;-0.3;0.020000000000000018;-0.02999999999999997;;;-0.039999999999999925;0.04999999999999999;;0.060000000000000005;
225;870;118.0;5;0;3;2;1;1;4;22.2;4.0;3.0;18.0;10.0;0.74;0.52;0.33;0.61;0.38;0.55;0.35;-0.1;-0.03;-0.05;0.1499999999999999;0.030000000000000027;0.02999999999999997;;;-0.010000000000000009;0.0;;0.03;
226;872;118.0;4;2;1;1;1;1;4;21.5;3.75;1.25;9.0;3.0;0.76;0.48;0.41;0.58;0.41;0.53;0.41;-0.1;-0.05;-0.05;;;;;;;;;;
227;873;118.0;4;2;1;1;1;1;4;20.5;3.75;1.25;10.0;5.0;0.84;0.49;0.41;0.58;0.41;0.53;0.41;-0.09;-0.04;-0.05;;;;;;;;;;
228;875;118.0;17;4;8;5;1;1;13;11.76;3.75;2.62;11.0;6.0;0.97;0.66;0.4;0.67;0.37;0.67;0.4;0.03;-0.01;0.02;-0.040000000000000036;-0.05999999999999994;0.02999999999999997;;;-0.020000000000000018;0.019999999999999962;;-0.04;
229;876;118.0;17;3;6;8;1;1;13;21.06;3.78;2.89;11.0;5.0;0.93;0.64;0.37;0.6;0.4;0.67;0.36;0.08;-0.03;0.08;-0.07999999999999996;0.0;0.020000000000000018;;;0.04999999999999993;-0.020000000000000018;;-0.06;
230;878;118.0;4;1;3;0;1;1;3;9.0;;;8.0;6.0;0.96;0.45;0.31;0.65;0.37;0.45;0.32;-0.2;0.0;;-0.06000000000000005;0.010000000000000009;0.06999999999999995;;;0.010000000000000009;0.06999999999999995;;0.0;
231;879;118.0;5;1;3;1;1;1;4;19.6;4.0;2.0;16.0;15.0;0.84;0.48;0.38;0.7;0.32;0.51;0.32;-0.2;-0.05;-0.09;-0.13;-0.10999999999999999;-0.04999999999999999;;;-0.26999999999999996;0.07;;0.17;
232;883;120.0;9;6;2;1;1;1;7;20.22;4.0;1.75;22.0;11.0;0.94;0.48;0.36;0.42;0.37;0.48;0.36;0.14;0.0;0.14;0.04999999999999993;;;;;;;;;
233;884;120.0;9;6;2;1;1;1;7;21.56;4.0;2.5;22.0;11.0;0.89;0.44;0.35;0.48;0.35;0.44;0.35;0.01;0.0;0.01;0.16999999999999993;;;;;;;;;
234;886;120.0;11;3;3;5;1;1;10;18.18;3.8;1.8;17.0;12.0;0.95;0.78;0.26;0.78;0.26;0.78;0.26;0.01;0.0;0.01;-0.08999999999999997;-0.010000000000000009;0.020000000000000018;-0.040000000000000036;0.05999999999999997;-0.020000000000000018;0.020000000000000018;0.01;0.01;-0.01
235;887;120.0;10;3;2;5;1;1;9;16.2;3.0;2.5;18.0;10.0;0.83;0.47;0.36;0.56;0.36;0.56;0.34;-0.1;-0.09;0.03;0.029999999999999916;0.11000000000000004;0.06;0.029999999999999916;-0.010000000000000009;-0.010000000000000009;0.06;0.19;0.10999999999999999;0.010000000000000002
236;889;120.0;6;3;3;0;1;1;6;17.0;;;20.0;13.0;0.81;0.5;0.32;0.53;0.32;0.5;0.32;-0.03;0.0;0.02;;;;;;;;;;
237;890;120.0;11;5;5;1;1;1;8;24.0;3.83;2.0;19.0;12.0;0.7;0.5;0.38;0.56;0.36;0.55;0.38;-0.06;-0.06;0.03;-0.27;0.06000000000000005;0.03999999999999998;0.12;-0.02999999999999997;-0.020000000000000018;0.03999999999999998;-0.060000000000000005;0.04000000000000001;0.020000000000000004
238;891;126.0;4;1;1;2;1;1;4;15.0;3.25;2.0;12.0;5.0;0.95;0.69;0.4;0.83;0.24;0.74;0.35;-0.17;-0.06;0.0;;;;;;;;;;
239;895;126.0;13;3;7;3;1;1;11;18.15;3.4;2.2;13.0;12.0;0.91;0.46;0.37;0.7;0.34;0.51;0.36;-0.22;-0.05;-0.2;-0.13;-0.06;0.06999999999999995;;;0.020000000000000018;0.04999999999999999;;-0.08;
240;896;126.0;16;5;7;4;1;1;14;19.75;3.0;2.17;11.0;8.0;0.93;0.63;0.35;0.66;0.36;0.64;0.35;-0.04;-0.01;-0.03;-0.06999999999999995;-0.020000000000000018;0.009999999999999953;;;-0.010000000000000009;0.019999999999999962;;-0.01;
241;897;126.0;16;3;7;6;1;1;14;8.0;3.2;2.0;10.0;8.0;0.97;0.84;0.22;0.81;0.23;0.82;0.23;0.11;0.01;0.01;-0.040000000000000036;-0.15000000000000002;0.07;;;-0.05999999999999994;0.04999999999999999;;-0.08;
242;898;126.0;19;5;8;6;1;1;16;12.89;3.75;2.0;9.0;6.0;0.89;0.69;0.37;0.79;0.32;0.72;0.33;0.0;-0.04;0.01;-0.010000000000000009;-0.15000000000000002;0.06;;;-0.12;0.07;;-0.030000000000000002;
243;899;126.0;12;3;4;5;2;1;11;12.33;3.0;2.33;9.0;6.0;0.96;0.73;0.36;0.69;0.39;0.73;0.37;0.03;0.0;0.03;-0.010000000000000009;0.020000000000000018;-0.030000000000000027;;;0.020000000000000018;-0.020000000000000018;;0.0;
244;900;126.0;9;1;5;3;1;1;8;15.89;4.0;1.5;11.0;8.0;0.96;0.67;0.41;0.71;0.38;0.7;0.39;-0.01;-0.03;-0.02;-0.040000000000000036;-0.04999999999999993;0.02999999999999997;;;0.0;0.0;;-0.04;
245;903;121.0;10;3;3;4;1;1;10;17.6;3.0;3.5;13.0;12.0;0.87;0.44;0.41;0.7;0.33;0.52;0.4;-0.29;-0.08;-0.12;0.09999999999999998;0.040000000000000036;-0.02999999999999997;;;-0.030000000000000027;-0.019999999999999962;;0.07;
246;904;121.0;4;2;1;1;1;1;4;8.0;;;14.0;9.0;1.0;0.41;0.35;;;0.41;0.35;;0.0;;;;;;;;;;;
247;905;121.0;15;4;6;5;1;1;15;13.2;4.0;2.0;12.0;13.0;0.69;0.49;0.34;0.68;0.39;0.6;0.33;-0.15;-0.1;-0.11;-0.029999999999999916;0.21000000000000002;0.07;;;0.24000000000000005;0.08999999999999997;;-0.03;
248;906;121.0;15;5;5;5;2;1;15;10.47;;;6.0;9.0;0.7;0.4;0.37;;;0.48;0.39;;-0.09;;;;;;;;;;;
249;907;121.0;12;5;2;5;1;1;12;10.75;3.0;3.0;12.0;10.0;0.63;0.49;0.38;0.45;0.33;0.57;0.36;-0.01;-0.08;-0.03;0.10000000000000009;-0.030000000000000027;0.040000000000000036;;;0.06999999999999995;0.02999999999999997;;-0.09;
250;908;121.0;5;1;4;0;1;1;5;10.2;;;15.0;10.0;0.72;0.51;0.4;;;0.6;0.37;;-0.1;;;;;;;;;;;
251;914;124.0;17;3;8;6;1;1;13;6.12;3.0;2.57;10.0;4.0;1.0;0.13;0.18;0.19;0.2;0.13;0.18;-0.01;0.0;-0.01;0.0;-0.07999999999999999;-0.010000000000000009;0.020000000000000018;0.06999999999999998;-0.07999999999999999;-0.010000000000000009;0.01;0.0;0.01
252;915;124.0;16;3;7;6;1;1;13;6.5;4.0;1.0;10.0;6.0;0.99;0.1;0.18;0.12;0.21;0.1;0.18;0.02;-0.0;0.02;-0.010000000000000009;0.03;0.05000000000000002;0.15;0.20999999999999996;0.03;0.05000000000000002;0.04;-0.0;0.04
253;916;124.0;18;2;5;11;1;1;12;5.33;2.89;2.44;10.0;4.0;1.0;0.55;0.37;0.57;0.34;0.55;0.37;0.01;0.0;0.01;0.0;-0.09999999999999998;0.09999999999999998;-0.22000000000000003;0.09000000000000002;-0.09999999999999998;0.09999999999999998;0.09999999999999999;0.0;0.09999999999999999
254;917;124.0;18;2;5;11;1;1;12;3.11;2.89;2.56;10.0;6.0;1.0;0.6;0.39;0.53;0.39;0.6;0.39;0.01;0.0;0.01;0.0;0.08999999999999997;-0.06;-0.14000000000000007;0.08000000000000002;0.08999999999999997;-0.06;0.06999999999999999;0.0;0.06999999999999999
255;921;122.0;11;3;4;4;1;1;9;8.73;;;19.0;12.0;0.98;0.47;0.35;0.45;0.37;0.48;0.35;0.01;0.0;;0.030000000000000027;0.02999999999999997;-0.02999999999999997;0.020000000000000018;-0.030000000000000027;0.03999999999999998;-0.02999999999999997;0.01;0.0;
256;922;122.0;13;3;5;5;1;1;12;7.77;;;13.0;12.0;0.92;0.51;0.39;0.57;0.41;0.49;0.38;-0.05;0.01;;-0.04999999999999993;-0.07000000000000006;-0.02999999999999997;-0.010000000000000009;-0.06;-0.06;-0.040000000000000036;-0.07;-0.02;
257;924;122.0;7;3;3;1;1;1;7;8.57;;;17.0;12.0;1.0;0.45;0.33;0.56;0.32;0.42;0.32;-0.08;0.0;0.04;0.0;;;;;;;;;
258;925;122.0;11;7;4;0;1;1;8;9.18;;;16.0;20.0;1.0;0.64;0.33;0.53;0.32;0.64;0.33;-0.08;0.0;-0.08;0.0;;;;;;;;;
259;928;127.0;20;5;8;7;1;1;17;2.85;4.0;1.3;8.0;5.0;1.0;0.68;0.24;0.69;0.24;0.68;0.24;-0.0;0.0;-0.0;0.0;-0.019999999999999907;0.0;-0.029999999999999916;-0.009999999999999981;-0.019999999999999907;0.0;0.0;0.0;0.0
260;929;127.0;20;5;9;6;1;1;17;5.6;3.9;1.3;8.0;6.0;1.0;0.53;0.35;0.57;0.33;0.53;0.35;-0.03;0.0;-0.03;0.0;-0.030000000000000027;0.03999999999999998;-0.09999999999999998;0.07;-0.030000000000000027;0.03999999999999998;0.04;0.0;0.04
261;932;125.0;4;2;2;0;1;1;4;14.25;;;14.0;15.0;0.93;0.45;0.37;;;0.5;0.36;;-0.05;;;;;;;;;;;
262;935;112.0;4;3;1;0;1;1;3;28.25;3.75;2.33;17.0;17.0;0.56;0.6;0.4;0.59;0.42;0.6;0.4;0.01;0.0;0.01;;;;;;;;;;
263;936;112.0;6;4;0;2;1;1;3;22.83;3.5;2.0;13.0;18.0;0.93;0.46;0.28;0.5;0.26;0.49;0.27;-0.04;-0.03;-0.01;;;;;;;;;;
264;937;112.0;5;0;2;3;1;1;5;23.6;3.8;2.0;18.0;12.0;0.68;0.53;0.33;0.58;0.34;0.55;0.34;-0.03;-0.02;-0.01;;;;;;;;;;
265;938;88.0;7;3;2;2;1;1;7;3.86;4.0;2.0;12.0;6.0;1.0;0.59;0.41;0.56;0.41;0.59;0.41;0.03;0.0;0.03;;;;;;;;;;
266;939;94.0;8;0;4;4;1;1;8;8.25;4.0;2.5;8.0;7.0;1.0;0.51;0.35;0.56;0.32;0.51;0.35;-0.06;0.0;-0.06;;;;;;;;;;
267;940;118.0;6;3;2;1;1;1;5;13.33;3.17;3.17;10.0;8.0;0.87;0.49;0.39;0.57;0.33;0.54;0.37;-0.08;-0.05;-0.03;;;;;;;;;;
268;941;121.0;2;1;1;0;1;1;2;9.0;;;4.0;;1.0;0.33;0.41;;;0.33;0.41;;0.0;;;;;;;;;;;
269;942;121.0;4;2;2;0;1;1;4;10.75;3.5;1.0;28.0;22.0;0.68;0.5;0.41;0.56;0.42;0.62;0.38;-0.06;-0.12;-0.06;;;;;;;;;;
270;943;119.0;3;1;2;0;1;1;3;24.0;;;38.0;45.0;0.93;0.52;0.31;0.44;0.29;0.49;0.3;0.0;0.04;0.0;;;;;;;;;;
271;945;130.0;4;1;2;1;1;1;4;4.0;3.0;1.75;22.0;13.0;1.0;0.54;0.31;0.61;0.32;0.54;0.31;-0.07;0.0;-0.07;;;;;;;;;;
272;946;120.0;6;2;3;1;2;1;6;22.5;3.67;2.0;14.0;9.0;0.7;0.58;0.35;0.58;0.36;0.57;0.35;0.0;0.02;-0.01;;;;;;;;;;
273;947;83.0;2;1;1;0;1;1;2;4.5;3.0;3.0;30.0;;1.0;0.33;0.47;0.5;0.5;0.33;0.47;-0.17;0.0;-0.17;;;;;;;;;;
274;949;78.0;6;2;3;1;1;1;6;4.67;3.33;2.83;14.0;7.0;1.0;0.21;0.25;0.48;0.25;0.21;0.25;-0.25;0.0;-0.25;;;;;;;;;;
275;950;79.0;5;2;2;1;1;1;5;7.0;3.8;2.0;11.0;8.0;0.96;0.57;0.32;0.63;0.3;0.61;0.32;-0.06;-0.04;-0.02;;;;;;;;;;
276;951;75.0;5;3;2;0;1;1;5;4.0;3.2;3.0;17.0;13.0;0.9;0.5;0.45;0.37;0.34;0.25;0.2;0.13;0.25;-0.12;;;;;;;;;;
277;953;106.0;7;1;4;2;1;1;7;4.0;;;10.0;7.0;1.0;0.44;0.35;0.47;0.35;0.42;0.32;-0.06;-0.01;-0.03;;;;;;;;;;
278;954;101.0;7;3;2;2;1;1;7;17.43;3.43;2.86;13.0;11.0;0.78;0.44;0.37;0.61;0.28;0.52;0.36;-0.14;-0.08;-0.07;;;;;;;;;;
279;955;68.0;5;2;1;2;1;1;5;20.6;;;10.0;3.0;0.91;0.14;0.22;0.2;0.23;0.15;0.22;-0.06;-0.0;-0.05;;;;;;;;;;
280;959;97.0;5;1;2;2;1;1;5;1.8;2.4;3.0;13.0;11.0;1.0;0.5;0.0;0.5;0.0;0.5;0.0;0.0;0.0;0.0;;;;;;;;;;
281;970;83.0;2;0;2;0;1;1;2;7.0;3.0;2.0;12.0;;1.0;0.57;0.42;0.64;0.38;0.57;0.42;-0.07;0.0;-0.07;;;;;;;;;;
